{
  "project_info": {
    "project_number": "76365922227",
    "firebase_url": "https://p-ul4-zahle-app1.firebaseio.com",
    "project_id": "p-ul4-zahle-app1",
    "storage_bucket": "p-ul4-zahle-app1.appspot.com"
  },
  "client": [
    {
      "client_info": {
        "mobilesdk_app_id": "1:76365922227:android:5061048635718ba36395c6",
        "android_client_info": {
          "package_name": "com.example.mapstest"
        }
      },
      "oauth_client": [
        {
          "client_id": "76365922227-paiac17ganpk341v2nqf6ugqr8eqkgf1.apps.googleusercontent.com",
          "client_type": 3
        }
      ],
      "api_key": [
        {
          "current_key": "AIzaSyBrfwCw0B9zDYqMW2E3NYS2cxjuq5W2Xug"
        }
      ],
      "services": {
        "appinvite_service": {
          "other_platform_oauth_client": [
            {
              "client_id": "76365922227-paiac17ganpk341v2nqf6ugqr8eqkgf1.apps.googleusercontent.com",
              "client_type": 3
            }
          ]
        }
      }
    }
  ],
  "configuration_version": "1"
}